<mxGraphModel>
    <root>
        <Diagram label="Pattern-5" href="http://www.jgraph.com/" id="0">
            <mxCell/>
        </Diagram>
        <Layer label="Default Layer" id="1">
            <mxCell parent="0"/>
        </Layer>
        <Image label="" href="" id="2">
            <mxCell style="load-balancer" parent="1" vertex="1">
                <mxGeometry x="20" y="280" width="80" height="80" as="geometry"/>
            </mxCell>
        </Image>
        <Image label="publisher" href="" id="3">
            <mxCell style="wso2am-2.0.0" parent="1" vertex="1">
                <mxGeometry x="170" y="20" width="80" height="80" as="geometry"/>
            </mxCell>
        </Image>
        <Image label="store" href="" id="4">
            <mxCell style="wso2am-2.0.0" parent="1" vertex="1">
                <mxGeometry x="500" y="110" width="80" height="80" as="geometry"/>
            </mxCell>
        </Image>
        <Image label="gateway-manager" href="" id="5">
            <mxCell style="wso2am-2.0.0" parent="1" vertex="1">
                <mxGeometry x="70" y="460" width="80" height="80" as="geometry"/>
            </mxCell>
        </Image>
        <Image label="gateway-worker" href="" id="6">
            <mxCell style="wso2am-2.0.0" parent="1" vertex="1">
                <mxGeometry x="390" y="550" width="80" height="80" as="geometry"/>
            </mxCell>
        </Image>
        <Image label="" href="" id="7">
            <mxCell style="svnrepo" parent="1" vertex="1">
                <mxGeometry x="220" y="610" width="80" height="80" as="geometry"/>
            </mxCell>
        </Image>
        <Image label="" href="" id="8">
            <mxCell style="wso2am-analytics-2.0.0" parent="1" vertex="1">
                <mxGeometry x="590" y="280" width="80" height="80" as="geometry"/>
            </mxCell>
        </Image>
        <Image label="" href="" id="9">
            <mxCell style="database" parent="1" vertex="1">
                <mxGeometry x="810" y="30" width="80" height="80" as="geometry"/>
            </mxCell>
        </Image>
        <Image label="keymanager/traffic-manager" href="" id="10">
            <mxCell style="wso2am-2.0.0" parent="1" vertex="1">
                <mxGeometry x="650" y="470" width="80" height="80" as="geometry"/>
            </mxCell>
        </Image>
    </root>
</mxGraphModel>