{
  "load-balancer": [
    "wso2am-2.0.0",
    "wso2am-analytics-2.0.0",

    "wso2am-2.0.0_keymanager",
    "wso2am-2.0.0_keymanager/publisher",
    "wso2am-2.0.0_keymanager/publisher/store",
    "wso2am-2.0.0_keymanager/store",
    "wso2am-2.0.0_publisher",
    "wso2am-2.0.0_publisher/store",
    "wso2am-2.0.0_store",

    "wso2am-2.0.0_gateway-manager",
    "wso2am-2.0.0_gateway-manager/gateway-worker",
    "wso2am-2.0.0_gateway-manager/gateway-worker/traffic-manager",
    "wso2am-2.0.0_gateway-manager/traffic-manager",
    "wso2am-2.0.0_gateway-worker",
    "wso2am-2.0.0_gateway-worker/traffic-manager",
    "wso2am-2.0.0_traffic-manager",

    "wso2am-2.0.0_keymanager/traffic-manager",
    "wso2am-2.0.0_gateway-worker/keymanager/traffic-manager",
    "wso2am-2.0.0_gateway-worker/keymanager"
  ],
  "database": [
    "wso2am-2.0.0",
    "wso2am-analytics-2.0.0",

    "wso2am-2.0.0_keymanager",
    "wso2am-2.0.0_keymanager/publisher",
    "wso2am-2.0.0_keymanager/publisher/store",
    "wso2am-2.0.0_keymanager/store",
    "wso2am-2.0.0_publisher",
    "wso2am-2.0.0_publisher/store",
    "wso2am-2.0.0_store",
    "wso2am-2.0.0_traffic-manager",
    "wso2am-2.0.0_gateway-manager/gateway-worker/traffic-manager",
    "wso2am-2.0.0_gateway-worker/traffic-manager",

    "wso2am-2.0.0_keymanager/traffic-manager"
  ],
  "svnrepo": [
    "wso2am-2.0.0_gateway-manager",
    "wso2am-2.0.0_gateway-manager/gateway-worker",
    "wso2am-2.0.0_gateway-manager/gateway-worker/traffic-manager",
    "wso2am-2.0.0_gateway-worker",
    "wso2am-2.0.0_gateway-worker/traffic-manager",

    "wso2am-2.0.0_gateway-worker/keymanager",
    "wso2am-2.0.0_gateway-worker/keymanager/traffic-manager"
  ],
  "wso2am-analytics-2.0.0": [
    "wso2am-2.0.0_keymanager/publisher/store",
    "wso2am-2.0.0_keymanager/store",
    "wso2am-2.0.0_publisher/store",
    "wso2am-2.0.0_store"
  ],
  "wso2am-2.0.0_traffic-manager": [
    "wso2am-2.0.0_gateway-worker",
    "wso2am-2.0.0_gateway-worker/keymanager"
  ],
  "wso2am-2.0.0_keymanager/traffic-manager": [
    "wso2am-2.0.0_gateway-worker",
    "wso2am-2.0.0_gateway-worker/keymanager"
  ],
  "wso2am-2.0.0": [
    "wso2am-analytics-2.0.0"
  ],
  "wso2am-2.0.0_gateway-worker": [
    "wso2am-analytics-2.0.0"
  ],
  "wso2am-2.0.0_gateway-worker/keymanager": [
    "wso2am-analytics-2.0.0"
  ],
  "wso2am-2.0.0_gateway-worker/keymanager/traffic-manager": [
    "wso2am-analytics-2.0.0"
  ]
}